Afghanistan|AF|Visa required|1|
Albania|AL|Visa not required|0|90 days
Algeria|DZ|Visa required|1|
Andorra|AD|Visa not required|0|
Angola|AO|Visa required|1|
Antigua and Barbuda|AG|Visa not required|0|6 months
Argentina|AR|Visa not required|0|90 days
Armenia|AM|Visa not required|0|180 days
Australia|AU|eVisitor|2|90 days on each visit in 12-month period if granted
Austria|AT|EU !|0|Freedom of movement
Azerbaijan|AZ|eVisa|2|30 days
Bahamas|BS|Visa not required|0|8 months
Bahrain|BH|Visa on arrival|3|14 days
Bangladesh|BD|Visa on arrival|3|30 days
Barbados|BB|Visa not required|0|6 months
Belarus|BY|Visa required|1|Visa-free for 5 days from 12 February 2017 must arrive via
Belgium|BE|EU !|0|Freedom of movement
Belize|BZ|Visa not required|0|1 month
Benin|BJ|Visa required|1|
Bhutan|BT|Visa required|1|Pre-approved visa can be picked up on arrival.
Bolivia|BO|Visa not required|0|90 days
Bosnia and Herzegovina|BA|Visa not required|0|90 days within any 6 month period
Botswana|BW|Visa not required|0|90 days
Brazil|BR|Visa not required|0|90 days within any 180 day period
Brunei|BN|Visa not required|0|90 days
Bulgaria|BG|EU !|0|Freedom of movement
Burkina Faso|BF|Visa on arrival|3|1 month
Burundi|BI|Visa required|1|
Cambodia|KH|Visa on arrival|3|30 days. Visa is also obtainable online.
Cameroon|CM|Visa required|1|Pre-approved visa can be picked up on arrival.
Canada|CA|Visa not required|0|6 months;
Cape Verde|CV|Visa on arrival|3|
Central African Republic|CF|Visa required|1|
Chad|TD|Visa required|1|
Chile|CL|Visa not required|0|90 days
China|CN|Visa required|1|72-hours visa free visit when in transit at
Colombia|CO|Visa not required|0|90 days - extendable up to 180-days stay within a one year period
Comoros|KM|Visa on arrival|3|
Republic of the Congo|CG|Visa required|1|
Democratic Republic of the Congo|CD|Visa required|1|
Costa Rica|CR|Visa not required|0|90 days
Côte d'Ivoire|CI|Visa required|1|Pre-approved visa can be picked up on arrival.
Croatia|HR|EU !|0|Freedom of movement
Cuba|CU|Visa required !|1|
Cyprus|CY|EU !|0|Freedom of movement
Czech Republic|CZ|EU !|0|Freedom of movement
Djibouti|DJ|Visa on arrival|3|
Dominica|DM|Visa not required|0|90 days within any 180 day period
Dominican Republic|DO|Visa on arrival !|3|90 days
Ecuador|EC|Visa not required|0|90 days
Egypt|EG|Visa on arrival|3|30 days
El Salvador|SV|Visa not required|0|3 months
Equatorial Guinea|GQ|Visa required|1|
Eritrea|ER|Visa required|1|Pre-approved visa can be picked up on arrival.
Estonia|EE|EU !|0|Freedom of movement
Ethiopia|ET|Visa on arrival|3|
Fiji|FJ|Visa not required|0|4 months
Finland|FI|EU !|0|Freedom of movement
France|FR|EU !|0|Freedom of movement (in
Gabon|GA|e-Visa|2|Must arrive via
Gambia|ZM|Visa not required|0|90 days
Georgia|GE|Visa not required|0|1 year
Germany|DE|EU !|0|Freedom of movement
Ghana|GH|Visa required|1|Pre-approved visa can be picked up on arrival.
Greece|GR|EU !|0|Freedom of movement
Grenada|GD|Visa not required|0|3 months
Guatemala|GT|Visa not required|0|90 days
Guinea|GN|Visa required|1|
Guinea-Bissau|GW|Visa on arrival|3|90 days
Guyana|GY|Visa not required|0|3 months
Haiti|HT|Visa not required|0|90 days
Honduras|HN|Visa not required|0|3 months
Hungary|HU|EU !|0|Freedom of movement
Iceland|IE|EU !|0|Freedom of movement
India|IN|e-Tourist Visa|2|30 days eTV holders must arrive via 16 designated airports.
Indonesia|ID|Visa not required|0|30 days
Iran|IQ|Visa on arrival|3|30 days
Iraq|IQ|Visa required|1|
Ireland|IE|EU !|0|Freedom of movement
Israel|IL|Visa not required|0|3 months
Italy|IT|EU !|0|Freedom of movement
Jamaica|JM|Visa not required|0|90 days
Japan|JP|Visa not required|0|90 days
Jordan|JO|Visa on arrival !|3|Conditions apply
Kazakhstan|KZ|Visa not required|0|30 days
Kenya|KE|eVisa|2|3 months
Kiribati|KI|Visa not required|0|90 days within any 180 day period
North Korea|KP|Visa required|1|
South Korea|KR|Visa not required|0|90 days
Kuwait|KW|eVisa|2|3 months
Kyrgyzstan|KG|Visa not required|0|60 days
Laos|LA|Visa on arrival|3|30 days
Latvia|LV|EU !|0|Freedom of movement
Lebanon|LB|Visa on arrival|3|1 month extendable for 2 additional months; granted free of charge at
Lesotho|LS|Visa not required|0|14 days
Liberia|LR|Visa required|1|Pre-approved visa can be picked up on arrival.
Libya|LY|Visa required|1|Pre-approved visa can be picked up on arrival.
Liechtenstein|LI|EU !|0|Freedom of movement
Lithuania|LT|EU !|0|Freedom of movement
Luxembourg|LU|EU !|0|Freedom of movement
Macedonia|MK|Visa not required|0|90 days
Madagascar|MG|Visa on arrival !|3|30 days
Malawi|MW|Visa on arrival|3|
Malaysia|MY|Visa not required|0|3 months
Maldives|MV|Visa on arrival|3|30 days
Mali|ML|Visa required|1|
Malta|MT|EU !|0|Freedom of movement
Marshall Islands|MH|Visa not required|0|90 days within any 180 day period
Mauritania|MR|Visa on arrival|3|Available at
Mauritius|MU|Visa not required|0|90 days
Mexico|MX|Visa not required|0|180 days
Micronesia|FM|Visa not required|0|90 days within any 180 day period
Moldova|MD|Visa not required|0|90 days within any 6 month period
Monaco|MC|Visa not required|0|
Mongolia|MN|Visa required|1|
Montenegro|ME|Visa not required|0|90 days
Morocco|MA|Visa not required|0|90 days
Mozambique|MZ|Visa on arrival|3|30 days
Myanmar|MM|eVisa|2|28 days. eVisa holders must arrive via
Namibia|NA|Visa not required|0|3 months within a calendar year
Nauru|NR|Visa required|1|
Nepal|NP|Visa on arrival|3|90 days
Netherlands|NL|EU !|0|Freedom of movement (
New Zealand|NZ|Visa not required|0|3 months
Nicaragua|NI|Visa not required|0|90 days
Niger|NE|Visa required|1|
Nigeria|NG|Visa required|1|Pre-approved visa can be picked up on arrival.
Norway|NO|EU !|0|Freedom of movement
Oman|OM|Visa on arrival|3|3 months
Pakistan|PK|Visa required|1|Visa on arrival when travelling on business valid for 30 days. Conditions apply.
Palau|PW|Visa not required|0|90 days within any 180 day period
Panama|PA|Visa not required|0|180 days
Papua New Guinea|PG|Visa on arrival !|3|60 days. Free of charge.
Paraguay|PY|Visa not required|0|90 days
Peru|PE|Visa not required|0|90 days within any 6 month period
Philippines|PH|Visa not required|0|30 days
Poland|PL|EU !|0|Freedom of movement
Portugal|PT|EU !|0|Freedom of movement
Qatar|QA|Visa on arrival|3|1 month
Romania|RO|EU !|0|Freedom of movement
Russia|RU|Visa required|1|
Rwanda|RW|eVisa|2|
Saint Kitts and Nevis|KN|Visa not required|0|3 months
Saint Lucia|LC|Visa not required|0|90 days within any 180 day period
Saint Vincent and the Grenadines|VC|Visa not required|0|90 days within any 180 day period
Samoa|WS|Visa not required|0|90 days within any 180 day period
San Marino|SM|Visa not required|0|
São Tomé and Príncipe|ST|Visa not required|0|15 days
Saudi Arabia|SA|Visa required|1|
Senegal|SN|Visa not required|0|90 days
Serbia|RS|Visa not required|0|90 days within any 6 month period
Seychelles|SC|Visa not required|0|3 months
Sierra Leone|SL|Visa required|1|Pre-approved visa can be picked up on arrival.
Singapore|SG|Visa not required|0|90 days
Slovakia|SK|EU !|0|Freedom of movement
Slovenia|SI|EU !|0|Freedom of movement
Solomon Islands|SB|Visa not required|0|90 days within any 180 day period
Somalia|SO|Visa required|1|Visa may be obtained on arrival provided an invitation letter by the sponsor had been submitted to the authorities before arrival.
South Africa|ZA|Visa not required|0|90 days
South Sudan|SS|Visa required|1|
Spain|ES|EU !|0|Freedom of movement
Sri Lanka|LK|Electronic Travel Authorization|2|30 days
Sudan|SD|Visa required|1|
Suriname|SR|Visa on arrival !|3|90 days
Swaziland|SZ|Visa not required|0|30 days
Sweden|SE|EU !|0|Freedom of movement
Switzerland|CH|EU !|0|Freedom of movement
Syria|SY|Visa required|1|
Tajikistan|TJ|Visa on arrival|3|45 days at
Tanzania|TZ|Visa on arrival|3|
Thailand|TH|Visa not required|0|30 days (maximum two visits annually if not arriving by air)
Timor-Leste|TL|Visa not required|0|90 days within any 180 day period
Togo|TG|Visa on arrival|3|7 days
Tonga|TO|Visa not required|0|90 days within any 180 day period
Trinidad and Tobago|TT|Visa not required|0|90 days within any 180 day period
Tunisia|TN|Visa not required|0|90 days
Turkey|TR|Visa not required|0|3 months
Turkmenistan|TM|Visa required|1|Pre-approved visa can be picked up on arrival.
Tuvalu|TV|Visa not required|0|90 days within any 180 day period
Uganda|UG|Visa on arrival|3|May apply online.
Ukraine|UA|Visa not required|0|90 days within any 180 day period
United Arab Emirates|AE|Visa not required|0|90 days within any 180 day period
United Kingdom|GB|EU !|0|Freedom of movement
United States|US|Visa not required !|0|90 days on arrival from overseas;
Uruguay|UY|Visa not required|0|90 days
Uzbekistan|UZ|Visa required|1|Pre-approved visa can be picked up on arrival.
Vanuatu|VU|Visa not required|0|90 days within any 180 day period
Vatican City|VA|Visa not required|0|
Venezuela|VE|Visa not required|0|90 days
Vietnam|VN|Visa not required|0|15 days
Yemen|YE|Visa required|1|
Zambia|ZM|Visa on arrival|3|90 days; also eligible for a universal visa allowing access to Zimbabwe.
Zimbabwe|ZW|Visa on arrival|3|3 months; also eligible for a universal visa allowing access to Zambia.
