Afghanistan|AF|Visa required|1|Women of all nationalities must cover their body with clothing except for their face hands and feet
Albania|AL|Visa required|1|
Algeria|DZ|Visa required|1|
Andorra|AD|Visa required|1|There are no visa requirements for entry into Andorra but it can only be accessed by passing through France or Spain. A multiple entry visa is required to re-enter either France or Spain when leaving Andorra.
Angola|AO|Visa required|1|
Antigua and Barbuda|AG|Electronic Entry Visa|2|
Argentina|AR|Visa required|1|
Armenia|AM|Visa on arrival|3|120 days
Australia|AU|Online Visitor e600 visa|2|May apply online.
Austria|AT|Visa required|1|
Azerbaijan|AZ|Visa required|1|
Bahamas|BS|Visa required|1|Permanent Residents of Canada do not need a visa and may stay up to 30 days.
Bahrain|BH|Visa required|1|
Bangladesh|BD|Visa required|1|
Barbados|BB|Visa required|1|Visa procedure does not necessitate sending passport to Barbados or one of its embassies.
Belarus|BY|Visa required|1|
Belgium|BE|Visa required|1|
Belize|BZ|Visa required|1|
Benin|BJ|Visa required|1|
Bhutan|BT|Visa required|1|
Bolivia|BO|Visa not required|0|90 days
Bosnia and Herzegovina|BA|Visa required|1|
Botswana|BW|Visa required|1|
Brazil|BR|Visa not required|0|90 days
Brunei|BN|Visa not required|0|14 days
Bulgaria|BG|Visa required|1|
Burkina Faso|BF|Visa required|1|
Burundi|BI|Visa required|1|
Cambodia|KH|Visa not required|0|21 days
Cameroon|CM|Visa required|1|
Canada|CA|Visa required|1|Green Card holders in the United States do not need a visa to visit or transit in Canada unless deemed inadmissible. B or C visa holders in Switzerland do not require transit visa when traveling to the United States flying with Air Canada.
Cape Verde|CV|Visa on arrival|3|
Central African Republic|CF|Visa required|1|
Chad|TD|Visa required|1|
Chile|CL|Visa required|1|
China|CN|Visa required|1|Filipino citizens may travel without a visa to
Colombia|CO|Visa not required|0|90 days on arrival can extend another 90 days for 180 days total.
Comoros|KM|Visa on arrival|3|
Republic of the Congo|CG|Visa required|1|
Democratic Republic of the Congo|CD|Visa required|1|
Costa Rica|CR|Visa not required|0|30 days upon arrival can extend for total of 90 days
Côte d'Ivoire|CI|eVisa|2|
Croatia|HR|Visa required|1|Visa free for a maximum stay of 90 days for valid visa holders or residents of the Schengen member states.
Cuba|CU|Visa required|1|
Cyprus|CY|Visa required|1|
Czech Republic|CZ|Visa required|1|
Denmark|DK|Visa required|1|
Djibouti|DJ|Visa on arrival|3|
Dominica|DM|Visa not required|0|21 days
Dominican Republic|DO|Visa required|1|Permanent Residents of Canada do not require a visa and may stay up to 30 days.
Ecuador|EC|Visa not required|0|90 days
Egypt|EG|Visa required|1|
El Salvador|SV|Visa required|1|
Equatorial Guinea|GQ|Visa required|1|
Eritrea|ER|Visa required|1|
Estonia|EE|Visa required|1|
Ethiopia|ET|Visa required|1|
Fiji|FJ|Visa not required|0|4 months
Finland|FI|Visa required|1|
France|FR|Visa required|1|Transit through a French airport also requires a transit visa
Gabon|GA|eVisa|2|Electronic visa holders must arrive via
Gambia|ZM|Visa not required|0|90 days; must obtain an entry clearance from the Gambian Immigration prior to travel
Georgia|GE|eVisa|2|
Germany|DE|Visa required|1|
Ghana|GH|Visa required|1|
Greece|GR|Visa required|1|
Grenada|GD|Visa required|1|
Guatemala|GT|Visa required|1|
Guinea|GN|Visa required|1|
Guinea-Bissau|GW|Visa on arrival|3|90 days
Guyana|GY|Visa required|1|
Haiti|HT|Visa not required|0|3 months
Honduras|HN|Visa required|1|
Hungary|HU|Visa required|1|Transit through a Hungarian airport also requires a transit visa.
Iceland|IE|Visa required|1|
India|IN|e-Tourist Visa|2|30 days
Indonesia|ID|Visa not required|0|30 days
Iran|IQ|Visa on arrival|3|30 days
Iraq|IQ|Visa required|1|
Ireland|IE|Visa required|1|
Israel|IL|Visa not required|0|3 months
Italy|IT|Visa required|1|
Jamaica|JM|Visa required|1|Permanent Residents of Canada do not require a visa.
Japan|JP|Visa required|1|
Jordan|JO|Visa required|1|
Kazakhstan|KZ|Visa required|1|
Kenya|KE|eVisa|2|3 months
Kiribati|KI|Visa required|1|
North Korea|KP|Visa required|1|
South Korea|KR|Visa required|1|30 Days Visa-Free Access to
Kuwait|KW|Visa required|1|
Kyrgyzstan|KG|Visa on arrival|3|1 month. Available at
Laos|LA|Visa not required|0|30 days
Latvia|LV|Visa required|1|
Lebanon|LB|Visa required|1|In addition to a visa an approval should be obtained from the immigration department of the
Lesotho|LS|Visa required|1|
Liberia|LR|Visa required|1|
Libya|LY|Visa required|1|
Liechtenstein|LI|Visa required|1|
Lithuania|LT|Visa required|1|
Luxembourg|LU|Visa required|1|
Macedonia|MK|Visa required|1|
Madagascar|MG|Free visa on arrival|0|30 days
Malawi|MW|Visa on arrival|3|
Malaysia|MY|Visa not required|0|30 days
Maldives|MV|Visa on arrival|3|30 days
Mali|ML|Visa required|1|
Malta|MT|Visa required|1|
Marshall Islands|MH|Visa on arrival|3|90 days
Mauritania|MR|Visa on arrival|3|Available at
Mauritius|MU|Visa required|1|
Mexico|MX|Visa required|1|Permanent residents of Canada and the United States do not require a visa
Micronesia|FM|Visa not required|0|30 days
Moldova|MD|Visa required|1|
Monaco|MC|Visa required|1|
Mongolia|MN|Visa not required|0|21 days
Montenegro|ME|Visa required|1|
Morocco|MA|Visa not required|0|90 days
Mozambique|MZ|Visa on arrival|3|30 days
Myanmar|MM|Visa not required|0|14 days
Namibia|NA|Visa required|1|
Nauru|NR|Visa required|1|
Nepal|NP|Visa on arrival|3|90 days
Netherlands|NL|Visa required|1|
New Zealand|NZ|Visa required|1|May transit without a visa.
Nicaragua|NI|Visa on arrival|3|90 days
Niger|NE|Visa required|1|
Nigeria|NG|Visa required|1|
Norway|NO|Visa required|1|
Oman|OM|Visa required|1|
Pakistan|PK|Visa required|1|
Palau|PW|Visa on arrival|3|30 days
Panama|PA|Visa required|1|
Papua New Guinea|PG|Visa on arrival|3|60 days
Paraguay|PY|Visa required|1|
Peru|PE|Visa not required|0|183 days
Poland|PL|Visa required|1|
Portugal|PT|Visa required|1|
Qatar|QA|Visa required|1|
Romania|RO|Visa required|1|
Russia|RU|Visa required|1|
Rwanda|RW|Visa not required|0|90 days
Saint Kitts and Nevis|KN|eVisa|2|
Saint Lucia|LC|Visa on arrival|3|6 weeks
Saint Vincent and the Grenadines|VC|Visa not required|0|1 month
Samoa|WS|Visa on arrival !|3|60 days
San Marino|SM|Visa required|1|
São Tomé and Príncipe|ST|eVisa|2|Visa is obtained online.
Saudi Arabia|SA|Visa required|1|
Senegal|SN|Visa required|1|
Serbia|RS|Visa required|1|Visa free for a maximum stay of 90 days for valid visa holders or residents of the
Seychelles|SC|Visa on arrival !|3|3 months
Sierra Leone|SL|Visa required|1|
Singapore|SG|Visa not required|0|30 days
Slovakia|SK|Visa required|1|
Slovenia|SI|Visa required|1|No visa required for holders of valid residence permits issued by Schengen States including
Solomon Islands|SB|Visa required|1|
Somalia|SO|Visa required|1|Visa may be obtained on arrival provided an invitation letter by the sponsor had been submitted to the authorities before arrival.
South Africa|ZA|Visa required|1|
South Sudan|SS|Visa required|1|
Spain|ES|Visa required|1|
Sri Lanka|LK|Electronic Travel Authorization|2|30 days
Sudan|SD|Visa required|1|
Suriname|SR|Visa not required|0|90 days
Swaziland|SZ|Visa required|1|
Sweden|SE|Visa required|1|
Switzerland|CH|Visa required|1|
Syria|SY|Visa required|1|
Tajikistan|TJ|Visa on arrival|3|45 days at
Tanzania|TZ|Visa on arrival|3|
Thailand|TH|Visa not required|0|30 days (maximum two visits annually if not arriving by air)
Timor-Leste|TL|Visa on arrival|3|30 days
Togo|TG|Visa on arrival|3|7 days
Tonga|TO|Visa required|1|
Trinidad and Tobago|TT|Visa on arrival|3|
Tunisia|TN|Visa required|1|
Turkey|TR|Visa required|1|30-day eVisas can be obtained online
Turkmenistan|TM|Visa required|1|
Tuvalu|TV|Visa on arrival|3|1 month
Uganda|UG|Visa on arrival|3|May apply online.
Ukraine|UA|Visa required|1|
United Arab Emirates|AE|Visa required|1|
United Kingdom|GB|Visa required|1|
United States|US|Visa required|1|
Uruguay|UY|Visa required|1|
Uzbekistan|UZ|Visa required|1|
Vanuatu|VU|Visa not required|0|30 days
Vatican City|VA|Visa required|1|
Venezuela|VE|Visa required|1|
Vietnam|VN|Visa not required|0|21 days
Yemen|YE|Visa required|1|
Zambia|ZM|eVisa|2|
Zimbabwe|ZW|eVisa|2|
